ame-bantam	UGAGAUCAUUGUGAAAGCUGAUU
ame-miR-1	UGGAAUGUAAAGAAGUAUGGAG
ame-miR-12	UGAGUAUUACAUCAGGUACUGGU
ame-miR-124	UAAGGCACGCGGUGAAUGCCAAG
ame-miR-125	CCCCUGAGACCCUAACUUGUGA
ame-miR-133	UUGGUCCCCUUCAACCAGCUGU
ame-miR-184	UGGACGGAGAACUGAUAAGGGC
ame-miR-210	UUGUGCGUGUGACAGCGGCUA
ame-miR-219	UGAUUGUCCAAACGCAAUUCUUG
ame-miR-263a	GUAAAUGGCACUGGAAGAAUUCAC
ame-miR-276	UAGGAACUUCAUACCGUGCUCU
ame-miR-277	UAAAUGCACUAUCUGGUACGACA
ame-miR-278	UCGGUGGGACUUUCGUCCGUUU
ame-miR-281	UGUCAUGGAGUUGCUCUCUUUGU
ame-miR-282	GAUUUAGCCUCUCCUAGGCUUUGUCUGU
ame-miR-2	UAUCACAGCCAGCUUUGAUGAGC
ame-miR-305	AUUGUACUUCAUCAGGUGCUCUG
ame-miR-315	UUUUGAUUGUUGCUCAGAAAGC
ame-miR-317	UGAACACAGCUGGUGGUAUCUCAGU
ame-miR-7	UGGAAGACUAGUGAUUUUGUUGU
ame-miR-8	UAAUACUGUCAGGUAAAGAUGUC
ame-miR-9a	UCUUUGGUUAUCUAGCUGUAUGA
ame-miR-9b	GCUUUGGUAAUCUAGCUUUAUGA
ame-miR-iab-4	ACGUAUACUGAAUGUAUCCUGA
ame-let-7	UGAGGUAGUAGGUUGUAUAGU
ame-miR-10	ACCCUGUAGAUCCGAAUUUGU
ame-miR-100	AACCCGUAGAUCCGAACUUGUG
ame-miR-137	UUAUUGCUUGAGAAUACACGUA
ame-miR-13a	UAUCACAGCCAUUUUGAUGAG
ame-miR-14	UCAGUCUUUUUCUCUCUCCUA
ame-miR-275	UCAGGUACCUGAAGUAGCGCGCG
ame-miR-279a	UGACUAGAUCCACACUCAUUAA
ame-miR-283	AAAUAUCAGCUGGUAAUUCU
ame-miR-29b	UAGCACCAUUUGAAAUCAGU
ame-miR-31a	GGCAAGAUGUCGGCAUAGCUGA
ame-miR-33	GUGCAUUGUAGUUGCAUUG
ame-miR-34	UGGCAGUGUUGUUAGCUGGUUG
ame-miR-375	UUUGUUCGUUCGGCUCGAGUUA
ame-miR-71	UGAAAGACAUGGGUAGUGA
ame-miR-79	UAAAGCUAGAUUACCAAAGCA
ame-miR-87	GUGAGCAAAGUUUCAGGUGU
ame-miR-92a	AUUGCACUUGUCCCGGCCUAU
ame-miR-927a	UUUUAGAAUUCCUACGCUUUACC
ame-miR-928	CUGGCUGUGGAAGCUGGCGAA
ame-miR-190	AGAUAUGUUUGAUAUUCUUGGUUGUU
ame-miR-929	AUUGACUCUAGUAGGGAGUCC
ame-miR-932	UCAAUUCCGUAGUGCAUUGCAG
ame-miR-252a	AUAAGUACUAGUGCCGCAGGAG
ame-miR-13b	UAUCACAGCCAUUUUUGACGAUU
ame-miR-996	UGACUAGAUACAUACUCGUCU
ame-miR-263b	CUUGGCACUGGAAGAAUUCAC
ame-miR-92b	AAUUGCACCCGUCCCGGCCUGA
ame-miR-985	AAAAUGUUCCAAUAUCGGGCA
ame-miR-1000	AUAUUGUCUUGUCACAGCAGU
ame-miR-1006	AAAAUUCGAUUUCUUCUAUCAUUA
ame-miR-981	UUCGUUGUCAACGAAACCUGCA
ame-miR-316	UGUCUUUUUCCGCUUUGCUGCCG
ame-miR-993	GAAGCUCGUCUCUACAGGUAUCU
ame-miR-11	CAUCACAGGCAGAGUUCUAGUU
ame-miR-1175	UGAGAUUCACUCCUCCAACUUAC
ame-miR-193	UACUGGCCUGCUAAGUCCCAA
ame-miR-307	UCACAACCUUUUUGAGUGAGCGA
ame-miR-2788	CAAUGCCCUUCGAAAUCCCAAA
ame-miR-989	CGUGAUGUGACGUAGUGGUUCU
ame-miR-3717	UGAGAGAAAAAGAGAGUGUCGG
ame-miR-3745	CGGGUGCCACCCCCCGGCCCGG
ame-miR-3746	CGCGGAGAGGAAGGUAUGCGU
ame-miR-3747a	CGAGGCUUUUUUUCAGCGAUGA
ame-miR-3747b	UGCGAGAUUUCUUUUCAGUCGUG
ame-miR-3748	CGUCCGUUUCAAAGUAAAACUU
ame-miR-3749	UGGAAUGGCCCUUUCACCUUCCC
ame-miR-3750	UAAAGCUUCAUCAGCAGGACUG
ame-miR-3718a	UCCCCUGUCCUGUCCCGAUAG
ame-miR-3751	GGGUGGUGGUGGAAGUCGGGG
ame-miR-3752	GUGGAUAAAGUUUCCUUGCGAA
ame-miR-3753	UGUCCGUUUCGGGACUCGACCG
ame-miR-3754	UCAUGGUGAAAAACUCAUUCUUU
ame-miR-3755	AAUGUGUAUAUAUAAUUAUAUCGUG
ame-miR-3718b	UCGGGACAGGACAGGGGACAGA
ame-miR-3756	CUGAUUUCUUUCAUAAGGAGGA
ame-miR-3049-5p	UCGGGAAGGUAGUUGCGGCGGAU
ame-miR-3049-3p	UCCGUCCAACUCCUUUCCGUCU
ame-miR-3757	UGGAAUUAUUUUUUCAUUUUCUU
ame-miR-3758	AGUCAUAUGUCCUGGACCAGGU
ame-miR-3719	UACGGAUUGCGUGACUUUUCGA
ame-miR-3759	GACUCACGUCGACUGGGUGUCCGC
ame-miR-3760	AAUCAUAUGAAUAAUCAUUUCUAG
ame-miR-3761	UCGAUUCCCGGGCCUCGUGUGU
ame-miR-3762	AAGAUCUGUAAAUUAGAUGAUA
ame-miR-3763	UUCGCAUUACUAAAAUAUCGGUGG
ame-miR-3764	UAGAUUUUUCUUUGAUCUUAA
ame-miR-3720	AUACGGUGAUGAGUUUAAACAG
ame-miR-3765	GAAGAAAAGGCAAGUUGAAAGA
ame-miR-3766	UAGGUGGUUUUGAAAAUGACG
ame-miR-3767	UACACAUUAUUUACUACUACU
ame-miR-3768	CCAACGACGGUCUCUCCAACCGU
ame-miR-3769	GGUAGCUCAAGAGAAGGUUGACG
ame-miR-971	UUGGUGUUCUACCUUACAGUGAG
ame-miR-3770	AAUCCUGCAUCAAGUGCGUUGU
ame-miR-3721	UCGUUGAAAAAGAGGAGAAGAU
ame-miR-3771	UAAAACACAGCGAGUUGCACGAG
ame-miR-3772	GAUCUAGAUUGAGAAGGAACGAA
ame-miR-3773	UAAGCACAGCUCUUGUCUGUAA
ame-miR-3722	CCGAUUCGAGGUGUGACGGUU
ame-miR-3774	GAAAAAUUACUUAAGAUUGUC
ame-miR-3775	GAGGCGGAUGAGGAGGUUGAAUA
ame-miR-3776	AGGAGGGGGGGAGAGAGAAGCG
ame-miR-3777	UGGAAACAUUUCUUCCCUGGGA
ame-miR-3778	GUAUAUAAUUGGAUGCUUUGUGC
ame-miR-3779	GCCGGGCCUGCCGCUCGACACG
ame-miR-965-5p	GGGGAAAGGUUAUAGCGAUUAUG
ame-miR-965-3p	UAAGCGUAUAGCUUUUUCCCUU
ame-miR-3780	AACUGCGGCAUCGUAACUGAC
ame-miR-3781	UAAGUGAUUGAUCGAUCGUGGAU
ame-miR-3782	CCUGCAGAGACAUCUGGCGGACAC
ame-miR-3783	UACUUUCAAUUGUUUGAUGAGGU
ame-miR-3716b	CGAUGUUAUUUGAAAUCAUUGGC
ame-miR-3784	UCGCGGAAAAUAAUUUCUAUUU
ame-miR-3785	UACCCUGUAACGUCCUGAGACU
ame-miR-3786	CUUGUCCUGGUUCAUGUAGGGCG
ame-miR-3787	GAGUCGAGCUUGUGUGUGGAA
ame-miR-3788	GUUCCGUUACCUCCUGUCCCUC
ame-miR-3789	AUCUGGUGCUCGGUGAGGUGAG
ame-miR-3790	GAAAGCGAUUAAGCGAUCGAG
ame-miR-3791	UCACCGGGUAGGAUUCAUCCA
ame-miR-279b	UGACUAGAUCGAAAUACUCGUCCC
ame-miR-9c	UAAAGCUAGUUCAGCAAGGCA
ame-miR-2944	UAUCACAGCAGUAGUUACCUGGU
ame-miR-318	UCACUGGGUUAUGUUUGUCCC
ame-miR-3792	GACUGAGGAAAGAGAGAAGGA
ame-miR-927b	UUUUAGAAUUUGUACGCUCUGU
ame-miR-3793	UGAGCGUGUUUUCCCUGGACUG
ame-miR-3794	UGGAAUGGAAGAGGACGUUUCC
ame-miR-306	UCAGGUACUGAGUGACUCUGAG
ame-miR-3795	GCGUCGACACGUUGGACGUGUU
ame-miR-3796	GAUCCUAAGGGGAGGAGAGGAUUU
ame-miR-3797	CAGAACUGGCUCGUAUUUUAUU
ame-miR-3477	UAAUCUCAUGCGGUAACUGUGAG
ame-miR-3798	UCAUAAAUAAUCUGUAUUUCUUUA
ame-miR-3799	AACGAUAUUGAUUGACUCGAU
ame-miR-279c	UGACUAGAGUCACACUCGUCCA
ame-miR-3800	CGAGGCCGCUGAUUGUGCCAUA
ame-miR-3801	AAUCGCGAUUGAGAAGGCGAGC
ame-miR-3723	ACAGCGUUUCAAAGUUUUCGUA
ame-miR-3724	AUCGUGGUAAACUUUGAAUAUA
ame-miR-2796	GUAGGCCGGCGGAAACUACUUGC
ame-miR-3725	UUUCUACAUUUCUUCGUAAAG
ame-miR-3726	AACGAGUGGUGGAUGCCAGCGU
ame-miR-3727	UUCGCGAACGCGCUCCCGCUAA
ame-miR-3728	CCAUCCGUGGGAUUCGUAAUUUA
ame-miR-3729	UGUUUUCCCAACUCACUUGCA
ame-miR-3715	UCGGUAAGCAGAGUAUAAGACCU
ame-miR-3730	ACAACGAGGGUGAAGAUUGCGUG
ame-miR-3731	GAACAUCGACCAAAGCUUGCAAC
ame-miR-3732	CGACGCCAUGUUUGGUCUCAUCU
ame-miR-3716a	UAUGUGGAUUUGAAAUCAUAUA
ame-miR-3733	UUACUAAUCUCGAAUUUUUCU
ame-miR-3734	UUUCGCACGGGAGGACGUUAG
ame-miR-3735	ACGAGCAAAGUUUCCUCGUGCC
ame-miR-3736	CGAUUACCCUGAGUAUGCUCC
ame-miR-3737	GAUCGGAAAUUUUGAUAUGUU
ame-miR-3738	GUUUACCGGAUGUUUUCGCAAU
ame-miR-3739	UUGGGAGGGGGAGAGAGCAGCU
ame-miR-3740	GGAAAAGGAUGACGAGGAUUAA
ame-miR-3741	ACGAGAGGGGGAGAGAGAAGUA
ame-miR-3742	AAAUAUAUUUUAAACGACGGAC
ame-miR-3743	UCGUGACUUUCUUUUCAGCCCCU
ame-miR-3744	CGGUAUCUUUGUGAAAAAUUUCG
ame-miR-980	AAGCUGCCUUUUGAAGGGCAACA
ame-miR-750	CCAGAUCUAACUCUUCCAGCUC
ame-miR-6000a-5p	CGUGGGUACUACUCGUCUCUAU
ame-miR-6000a-3p	UAGUACGAGAAGUACCCACA
ame-miR-6001-5p	GUAGGUAACGACUGAUGGGAAC
ame-miR-6001-3p	UUCUCUUUGGUUGUUACCACUA
ame-miR-6002-5p	UCGAAGCGAAGGGUAUUCC
ame-miR-6002-3p	CGAGAGUAACGUUUCGUGG
ame-miR-6003-5p	CACUCGGGGAAAAGAGGCC
ame-miR-6003-3p	AGGUCUUUGCGUCUCGAUU
ame-miR-6004-5p	GAAUGGAGCGUUAAUGAUCG
ame-miR-6004-3p	CGAUUGCGUUGCGUUCUAC
ame-miR-6005-5p	AUAUGAACUCUUAUGUACGUGA
ame-miR-6005-3p	ACAUGCGUAAGAGAUUAUAUGU
ame-miR-2765-5p	UGGUAACUCCACCACCGUUGGC
ame-miR-2765-3p	CAAUGGGGUACGAGUUUCCUUC
ame-miR-6006-5p	AUAACUGGGAAGAGAGAGG
ame-miR-6006-3p	AUUUUCUUUUUCAGUUAUAA
ame-miR-6037	UAAGCUCUGUGUACUUUUUAC
ame-miR-6038	UAUGUUUCUGUCUUAUUUCAUU
ame-miR-6039	AAUCGAACGCGUGAGUUUACGU
ame-miR-6040	UAGUACGGGCAGUACUGGGA
ame-miR-6000b	UAGAGACGAGUAGUACCCACGAG
ame-miR-252b	UUAAGUAGUAGUGUCGUAGAUGA
ame-miR-6041	AAAUAUCAUCGAGAUCGAAGGA
ame-miR-6042	UAGGAACGGUAGUAGUGGAGA
ame-miR-6043	AUGGUGACCGUGAUCUAUUCCA
ame-miR-6044	AAGAGGCUUCUUAGGCAAGUGAU
ame-miR-6045	AUUCACUGGACGGCAAUGGGCU
ame-miR-92c	AGGUUGGGAUGUGGGCAUUAUUUG
ame-miR-6046	UCGACGAGAAUUCCGUGACCGGU
ame-miR-6012	UUCGGCGAUGAGAUCAGCCUGU
ame-miR-6047a	UCCACAGCCUACAGUCCACAAU
ame-miR-6048	AGAGGCGAGGUGGACCGACUGGU
ame-miR-6049	AGGAACGGAGGAAUAGACGGU
ame-miR-6050	GCGGGUUGUGGAGGGUGGAA
ame-miR-6051	AAAAUUGCGCACGCUCUGAAUAU
ame-miR-6052	AUGCAAAAGCUAGAACUCAUAGA
ame-miR-6053	AUACGAAAGACCGCGCGGAUGU
ame-miR-6054	CACGGUUGAACGAUGUGACGGU
ame-miR-6055	AAGACGAAUAGCUGUGUGUCGC
ame-miR-6056	GAGGGACGAGGAGGGAGGUU
ame-miR-6057	UUUGUGACUGUAACAACAAAUG
ame-miR-6058	AUGACAAUGGUGAUGACAACG
ame-miR-6059	UAGAGGGAGAGACGGAACCA
ame-miR-6060	ACGGGUACGACGUUGGCAACGU
ame-miR-6061	GACGUUGCACGUUACCACGCCG
ame-miR-6062	UACGAUAUUGGUAUUUAGGACA
ame-miR-6063	AUCGAUCGAUCGAAGACGCGGU
ame-miR-6047b	AGCACAGGCCAGUCAGUCCACU
ame-miR-6064	UUUGAAAUUUUGCAACGAGACG
ame-miR-6065	CUGGAAUGCGAUCCCCCCGGUA
ame-miR-6066	AGGGAGAGGCCUCGUGACCACG
ame-miR-6067	AAACGGAUCAAGCUUUUUGUGA
ame-miR-9864	UUUCGAGGCUGUUUAAAUGGAUU
ame-miR-279d	UGACUAGAUCCACACUCAUCCA
ame-miR-3718c	UAUUGGGUCAGGAUAGGGCAG
ame-miR-9865	UGAUUUAUGUGGUGAUUGUGC
ame-miR-9866	UUCGAGUCGGCGGGGUAUGAGU
ame-miR-9867	AGACGGUAUGGACGGUAGAGACGA
ame-miR-9868	UUAAGCUCGAUGAAGUCGUCGG
ame-miR-9869	UCGGGGAUCGCGGAUGCGGAGAGC
ame-miR-9870	UGACGACGCCGUCACGUACGUGC
ame-miR-9871	UGCGGUAAAGGUCGGGUGAGC
ame-miR-9872	AACGAGACAGAGAUAGAACGA
ame-miR-9873	GAUUAUUUGCUGCGGCUUUGGA
ame-miR-9874	AGAAUCCUUUGCUCGUCGUGGGA
ame-miR-9875	GUGGGAUGAGGAAGGGAGGAG
ame-miR-9876	UGGGAUGGAUCGAUAGAACGAGU
ame-miR-9877	GCGGGACACUGGGUGGGCGGCU
ame-miR-9878	UGGGAUGUUGAAUCUGUUGCAG
ame-miR-9879	GUACCGUGGAACAAGGAAGUGGC
ame-miR-9880	AUCGGCUUUCAUCGGAUGGGG
ame-miR-9881	UACGUCGCGUUUCGAAAGGGA
ame-miR-9882	AGCGAUGAGACUAGAUCUUGGC
ame-miR-9883	UUCGGGCGGGCUCGGGCGAGA
ame-miR-9884	UCGGUCGGUGACGAAGCUCCC
ame-miR-9885	UCGGCAAUGAUCGGACGUGGUC
ame-miR-9886	UAGGCGUCACGUUGUGGAACG
ame-miR-9887	AAGGGCUGGGAAGGGCGGAG
ame-miR-2b	UCAUCAAAGCUGGCUGUGAUAUGA
ame-miR-9888	UGGUGGUCAAGCAAGUAGAACGUU
ame-miR-9889	AGUGUCGAGCCGAAGAAACGCGC
ame-miR-9890	UUCGGAAGAAUGUAGAGAAAAAG
ame-miR-9891	UCGGCUUCGUCCUCGUCGUCG
ame-miR-9892	UGACGCGAUUGUGGAAAUCG
ame-miR-9893	UUAUGAUCUGGAAUACUAGG
ame-miR-9894	GAGGGCGAGGAGAGGAGGAA
ame-miR-9895	UCGUGUCCGUUUCUCGUUUCGA
ame-miR-9896	ACAAUAAUCGGACACAAUCGGC
ame-miR-3478	CACACCGGACGAGAUUUCAU
